<?xml version="1.0" ?>
<annotation>
	<red_channel>birds_r.csv</red_channel>
	<green_channel>birds_g.csv</green_channel>
	<blue_channel>birds_b.csv</blue_channel>
	<image>birds.png</image>
	<object>
		<label>16.0</label>
		<xmin>0.5996572971343994</xmin>
		<xmax>0.843923032283783</xmax>
		<ymin>0.468333899974823</ymin>
		<ymax>0.7809195518493652</ymax>
	</object>
	<object>
		<label>16.0</label>
		<xmin>0.6272122859954834</xmin>
		<xmax>0.8979747295379639</xmax>
		<ymin>0.2244303971529007</ymin>
		<ymax>0.302773505449295</ymax>
	</object>
	<object>
		<label>16.0</label>
		<xmin>0.2215049564838409</xmin>
		<xmax>0.4794589877128601</xmax>
		<ymin>0.4374034404754638</ymin>
		<ymax>0.5794224739074707</ymax>
	</object>
	<object>
		<label>16.0</label>
		<xmin>0.0905544459819793</xmin>
		<xmax>0.2824505865573883</xmax>
		<ymin>0.2019307762384414</ymin>
		<ymax>0.3735178709030151</ymax>
	</object>
	<object>
		<label>16.0</label>
		<xmin>0.1390870958566665</xmin>
		<xmax>0.4552187323570251</xmax>
		<ymin>0.5958594679832458</ymin>
		<ymax>0.7215400338172913</ymax>
	</object>
	<object>
		<label>16.0</label>
		<xmin>0.2192458659410476</xmin>
		<xmax>0.692338228225708</xmax>
		<ymin>0.2627245485782623</ymin>
		<ymax>0.5125166177749634</ymax>
	</object>
	<object>
		<label>16.0</label>
		<xmin>0.1090965643525123</xmin>
		<xmax>0.684138298034668</xmax>
		<ymin>0.2399991005659103</ymin>
		<ymax>0.6168147325515747</ymax>
	</object>
	<object>
		<label>16.0</label>
		<xmin>0.1851891279220581</xmin>
		<xmax>0.5403230786323547</xmax>
		<ymin>0.1178481206297874</ymin>
		<ymax>0.2757215201854706</ymax>
	</object>
</annotation>
