<?xml version="1.0" ?>
<annotation>
	<red_channel>dogs_r.csv</red_channel>
	<green_channel>dogs_g.csv</green_channel>
	<blue_channel>dogs_b.csv</blue_channel>
	<image>dogs.jpg</image>
	<object>
		<label>18.0</label>
		<xmin>0.40458402</xmin>
		<xmax>0.978349805</xmax>
		<ymin>0.111675955</ymin>
		<ymax>0.932699084</ymax>
	</object>
	<object>
		<label>18.0</label>
		<xmin>0.033084616</xmin>
		<xmax>0.303220868</xmax>
		<ymin>0.033439059</ymin>
		<ymax>0.862610221</ymax>
	</object>
	<object>
		<label>1.0</label>
		<xmin>0.3126508</xmin>
		<xmax>0.710444689</xmax>
		<ymin>0.0</ymin>
		<ymax>0.803356409</ymax>
	</object>
</annotation>
