<?xml version="1.0" ?>
<annotation>
	<red_channel>dogs_r.csv</red_channel>
	<green_channel>dogs_g.csv</green_channel>
	<blue_channel>dogs_b.csv</blue_channel>
	<image>dogs.png</image>
	<object>
		<label>18.0</label>
		<xmin>0.4045840203762054</xmin>
		<xmax>0.9783498048782348</xmax>
		<ymin>0.1116759553551673</ymin>
		<ymax>nan</ymax>
	</object>
	<object>
		<label>18.0</label>
		<xmin>0.0330846160650253</xmin>
		<xmax>0.3032208681106567</xmax>
		<ymin>0.0334390588104724</ymin>
		<ymax>nan</ymax>
	</object>
	<object>
		<label>1.0</label>
		<xmin>0.3126507997512817</xmin>
		<xmax>0.7104446887969971</xmax>
		<ymin>0.0</ymin>
		<ymax>nan</ymax>
	</object>
</annotation>
