<?xml version="1.0" ?>
<annotation>
	<red_channel>phones_r.csv</red_channel>
	<green_channel>phones_g.csv</green_channel>
	<blue_channel>phones_b.csv</blue_channel>
	<image>phones.png</image>
	<object>
		<label>77.0</label>
		<xmin>0.103076771</xmin>
		<xmax>0.204607651</xmax>
		<ymin>0.575709045</ymin>
		<ymax>0.817152679</ymax>
	</object>
	<object>
		<label>77.0</label>
		<xmin>0.252479732</xmin>
		<xmax>0.38192606</xmax>
		<ymin>0.417910933</ymin>
		<ymax>0.756788611</ymax>
	</object>
	<object>
		<label>77.0</label>
		<xmin>0.750570834</xmin>
		<xmax>0.866771162</xmax>
		<ymin>0.555682838</ymin>
		<ymax>0.76333344</ymax>
	</object>
	<object>
		<label>77.0</label>
		<xmin>0.36768809</xmin>
		<xmax>0.43236801</xmax>
		<ymin>0.174463362</ymin>
		<ymax>0.358375788</ymax>
	</object>
	<object>
		<label>77.0</label>
		<xmin>0.744189024</xmin>
		<xmax>0.899265289</xmax>
		<ymin>0.084837072</ymin>
		<ymax>0.341622084</ymax>
	</object>
</annotation>
