<?xml version="1.0" ?>
<annotation>
	<red_channel>phones_r.csv</red_channel>
	<green_channel>phones_g.csv</green_channel>
	<blue_channel>phones_b.csv</blue_channel>
	<image>phones.png</image>
	<object>
		<label>77.0</label>
		<xmin>0.1030767709016799</xmin>
		<xmax>0.2046076506376266</xmax>
		<ymin>0.5757090449333191</ymin>
		<ymax>nan</ymax>
	</object>
	<object>
		<label>77.0</label>
		<xmin>0.2524797320365906</xmin>
		<xmax>0.3819260597229004</xmax>
		<ymin>0.4179109334945678</ymin>
		<ymax>nan</ymax>
	</object>
	<object>
		<label>77.0</label>
		<xmin>0.7505708336830139</xmin>
		<xmax>0.8667711615562439</xmax>
		<ymin>0.5556828379631042</ymin>
		<ymax>nan</ymax>
	</object>
	<object>
		<label>77.0</label>
		<xmin>0.3676880896091461</xmin>
		<xmax>0.4323680102825165</xmax>
		<ymin>0.1744633615016937</ymin>
		<ymax>nan</ymax>
	</object>
	<object>
		<label>77.0</label>
		<xmin>0.7441890239715576</xmin>
		<xmax>0.8992652893066406</xmax>
		<ymin>0.0848370715975761</ymin>
		<ymax>nan</ymax>
	</object>
</annotation>
