<?xml version="1.0" ?>
<annotation>
	<red_channel>beach_r.csv</red_channel>
	<green_channel>beach_g.csv</green_channel>
	<blue_channel>beach_b.csv</blue_channel>
	<image>beach.png</image>
	<object>
		<label>38.0</label>
		<xmin>0.2075286954641342</xmin>
		<xmax>0.2260657995939254</xmax>
		<ymin>0.2643207907676697</ymin>
		<ymax>0.3130954504013061</ymax>
	</object>
	<object>
		<label>1.0</label>
		<xmin>0.1609510034322738</xmin>
		<xmax>0.200453296303749</xmax>
		<ymin>0.7771375775337219</ymin>
		<ymax>0.9488428831100464</ymax>
	</object>
	<object>
		<label>1.0</label>
		<xmin>0.0825959742069244</xmin>
		<xmax>0.1233550608158111</xmax>
		<ymin>0.6792382597923279</ymin>
		<ymax>0.8499174118041992</ymax>
	</object>
	<object>
		<label>38.0</label>
		<xmin>0.3456156849861145</xmin>
		<xmax>0.3599935173988342</xmax>
		<ymin>0.378089040517807</ymin>
		<ymax>0.4027607440948486</ymax>
	</object>
	<object>
		<label>38.0</label>
		<xmin>0.8020884394645691</xmin>
		<xmax>0.8146834969520569</xmax>
		<ymin>0.4385250806808471</ymin>
		<ymax>0.4713875651359558</ymax>
	</object>
	<object>
		<label>38.0</label>
		<xmin>0.5620361566543579</xmin>
		<xmax>0.5697473287582397</xmax>
		<ymin>0.42254239320755</ymin>
		<ymax>0.437316745519638</ymax>
	</object>
	<object>
		<label>1.0</label>
		<xmin>0.1311307549476623</xmin>
		<xmax>0.1429865062236786</xmax>
		<ymin>0.6016266345977783</ymin>
		<ymax>0.6359131932258606</ymax>
	</object>
	<object>
		<label>1.0</label>
		<xmin>0.0277656335383653</xmin>
		<xmax>0.0425244271755218</xmax>
		<ymin>0.5674867033958435</ymin>
		<ymax>0.6233565211296082</ymax>
	</object>
	<object>
		<label>38.0</label>
		<xmin>0.4262706041336059</xmin>
		<xmax>0.4445533752441406</xmax>
		<ymin>0.3813039362430572</ymin>
		<ymax>0.4137265682220459</ymax>
	</object>
	<object>
		<label>1.0</label>
		<xmin>0.2565733790397644</xmin>
		<xmax>0.2634294629096985</xmax>
		<ymin>0.5420317053794861</ymin>
		<ymax>0.5627401471138</ymax>
	</object>
	<object>
		<label>1.0</label>
		<xmin>0.5154458284378052</xmin>
		<xmax>0.5200979709625244</xmax>
		<ymin>0.5138648152351379</ymin>
		<ymax>0.5242671370506287</ymax>
	</object>
	<object>
		<label>38.0</label>
		<xmin>0.43770232796669</xmin>
		<xmax>0.4973438084125519</xmax>
		<ymin>0.0893479958176612</ymin>
		<ymax>0.1672567129135131</ymax>
	</object>
	<object>
		<label>1.0</label>
		<xmin>0.8928055763244629</xmin>
		<xmax>0.8994455337524414</xmax>
		<ymin>0.5027137398719788</ymin>
		<ymax>0.5144783854484558</ymax>
	</object>
</annotation>
